sim_idx,task_id,reward,category,warning_fired,lines_looked_up,l1001_lookups,write_actions_on_lines,failed_env_assertions,failed_actions,passed_actions,refuel_gb_amount
0,[mobile_data_issue]airplane_mode_on|bad_network_preference[PERSONA:Hard],1.0,PASS,False,,0,,,,toggle_airplane_mode;set_network_mode_preference,
1,[mobile_data_issue]airplane_mode_on|data_mode_off[PERSONA:None],1.0,PASS,True,L1001;L1002,1,,,,toggle_airplane_mode;toggle_data,
2,[mobile_data_issue]bad_network_preference|user_abroad_roaming_enabled_off[PERSONA:Hard],1.0,PASS,True,L1001;L1002,1,,,,set_network_mode_preference;toggle_roaming,
3,[mobile_data_issue]airplane_mode_on|user_abroad_roaming_enabled_off[PERSONA:None],1.0,PASS,True,L1001;L1002,1,,,,toggle_airplane_mode;toggle_roaming,
4,[mobile_data_issue]data_saver_mode_on|user_abroad_roaming_enabled_off[PERSONA:Easy],0,E_missed_troubleshooting,True,L1001;L1002,1,,assert_internet_speed,toggle_data_saver_mode,toggle_roaming,
5,[mobile_data_issue]data_usage_exceeded|user_abroad_roaming_enabled_off[PERSONA:Easy],1.0,PASS,True,L1001;L1002,1,"{""refuel_data"": ""L1002""}",,,refuel_data;toggle_roaming,2.0
6,[mobile_data_issue]data_mode_off|data_usage_exceeded[PERSONA:None],1.0,PASS,True,L1001;L1002,1,"{""refuel_data"": ""L1002""}",,,toggle_data;refuel_data,2.0
7,[mobile_data_issue]airplane_mode_on|data_saver_mode_on|user_abroad_roaming_disabled_on[PERSONA:None],1.0,PASS,True,L1001;L1002,1,"{""enable_roaming"": ""L1002""}",,,toggle_airplane_mode;toggle_data_saver_mode;enable_roaming,
8,[mobile_data_issue]airplane_mode_on|bad_network_preference|user_abroad_roaming_enabled_off[PERSONA:Easy],1.0,PASS,True,L1001;L1002,1,,,,toggle_airplane_mode;set_network_mode_preference;toggle_roaming,
9,[mobile_data_issue]data_saver_mode_on|data_usage_exceeded[PERSONA:Easy],1.0,PASS,True,L1001;L1002,1,"{""refuel_data"": ""L1002""}",,,toggle_data_saver_mode;refuel_data,2.0
10,[mobile_data_issue]bad_network_preference|bad_vpn|user_abroad_roaming_disabled_on[PERSONA:None],0,E_missed_troubleshooting,True,L1001;L1002,1,"{""enable_roaming"": ""L1002""}",assert_internet_speed,disconnect_vpn,set_network_mode_preference;enable_roaming,
11,[mobile_data_issue]bad_network_preference|bad_vpn|user_abroad_roaming_enabled_off[PERSONA:Easy],0,E_missed_troubleshooting,True,L1001;L1002,1,,assert_internet_speed,disconnect_vpn,set_network_mode_preference;toggle_roaming,
12,[mobile_data_issue]bad_network_preference|bad_vpn|user_abroad_roaming_disabled_off[PERSONA:Hard],0,E_missed_troubleshooting,True,L1001;L1002,1,"{""enable_roaming"": ""L1002""}",assert_internet_speed,disconnect_vpn,set_network_mode_preference;enable_roaming;toggle_roaming,
13,[mobile_data_issue]bad_vpn|data_saver_mode_on|user_abroad_roaming_disabled_on[PERSONA:None],1.0,PASS,True,L1001;L1002,1,"{""enable_roaming"": ""L1002""}",,,disconnect_vpn;toggle_data_saver_mode;enable_roaming,
14,[mobile_data_issue]airplane_mode_on|bad_network_preference|data_mode_off|user_abroad_roaming_disabled_on[PERSONA:Hard],1.0,PASS,True,L1001;L1002,1,"{""enable_roaming"": ""L1002""}",,,toggle_airplane_mode;set_network_mode_preference;toggle_data;enable_roaming,
15,[mobile_data_issue]airplane_mode_on|bad_network_preference|data_mode_off|data_saver_mode_on[PERSONA:Hard],0,E_missed_troubleshooting,False,,0,,assert_internet_speed,toggle_data_saver_mode,toggle_airplane_mode;set_network_mode_preference;toggle_data,
16,[mobile_data_issue]data_mode_off|data_usage_exceeded|user_abroad_roaming_disabled_off[PERSONA:Hard],1.0,PASS,True,L1001;L1002,1,"{""enable_roaming"": ""L1002"", ""refuel_data"": ""L1002""}",,,toggle_data;refuel_data;enable_roaming;toggle_roaming,2.0
17,[mobile_data_issue]bad_network_preference|bad_vpn|data_mode_off|data_saver_mode_on[PERSONA:None],1.0,PASS,False,,0,,,,set_network_mode_preference;disconnect_vpn;toggle_data;toggle_data_saver_mode,
18,[mobile_data_issue]bad_network_preference|data_saver_mode_on|data_usage_exceeded[PERSONA:Hard],1.0,PASS,False,L1002,0,"{""refuel_data"": ""L1002""}",,,set_network_mode_preference;toggle_data_saver_mode;refuel_data,2.0
19,[mobile_data_issue]airplane_mode_on|bad_network_preference|data_usage_exceeded|user_abroad_roaming_disabled_off[PERSONA:Easy],1.0,PASS,True,L1001;L1002,1,"{""enable_roaming"": ""L1002"", ""refuel_data"": ""L1002""}",,,toggle_airplane_mode;set_network_mode_preference;refuel_data;enable_roaming;toggle_roaming,2.0
20,[mobile_data_issue]bad_vpn|data_mode_off|data_usage_exceeded|user_abroad_roaming_disabled_off[PERSONA:None],1.0,PASS,True,L1001;L1002,1,"{""enable_roaming"": ""L1002"", ""refuel_data"": ""L1002""}",,,disconnect_vpn;toggle_data;refuel_data;enable_roaming;toggle_roaming,2.0
21,[mobile_data_issue]bad_network_preference|bad_vpn|data_usage_exceeded|user_abroad_roaming_disabled_off[PERSONA:Easy],1.0,PASS,True,L1001;L1002,1,"{""enable_roaming"": ""L1002"", ""refuel_data"": ""L1002""}",,,set_network_mode_preference;disconnect_vpn;refuel_data;enable_roaming;toggle_roaming,2.0
22,[mobile_data_issue]airplane_mode_on|bad_network_preference|data_mode_off|data_usage_exceeded|user_abroad_roaming_disabled_on[PERSONA:None],1.0,PASS,True,L1001;L1002,1,"{""enable_roaming"": ""L1002"", ""refuel_data"": ""L1002""}",,,toggle_airplane_mode;set_network_mode_preference;toggle_data;refuel_data;enable_roaming,2.0
23,[mobile_data_issue]airplane_mode_on|data_mode_off|data_saver_mode_on|data_usage_exceeded|user_abroad_roaming_enabled_off[PERSONA:Hard],1.0,PASS,True,L1001;L1002,1,"{""refuel_data"": ""L1002""}",,,toggle_airplane_mode;toggle_data;toggle_data_saver_mode;refuel_data;toggle_roaming,2.0
24,[mobile_data_issue]airplane_mode_on|bad_network_preference|bad_vpn|data_saver_mode_on|user_abroad_roaming_disabled_on[PERSONA:Easy],0,E_missed_troubleshooting,True,L1001;L1002,1,"{""enable_roaming"": ""L1002""}",assert_internet_speed,toggle_data_saver_mode,toggle_airplane_mode;set_network_mode_preference;disconnect_vpn;enable_roaming,
25,[mobile_data_issue]bad_network_preference|bad_vpn|data_saver_mode_on|data_usage_exceeded|user_abroad_roaming_disabled_off[PERSONA:Easy],0,E_missed_troubleshooting,True,L1001;L1002,1,"{""enable_roaming"": ""L1002"", ""refuel_data"": ""L1002""}",assert_internet_speed,disconnect_vpn,set_network_mode_preference;toggle_data_saver_mode;refuel_data;enable_roaming;toggle_roaming,2.0
26,[mobile_data_issue]airplane_mode_on|bad_network_preference|bad_vpn|data_saver_mode_on|data_usage_exceeded|user_abroad_roaming_enabled_off[PERSONA:None],1.0,PASS,True,L1001;L1002,1,"{""refuel_data"": ""L1002""}",,,toggle_airplane_mode;set_network_mode_preference;disconnect_vpn;toggle_data_saver_mode;refuel_data;toggle_roaming,2.0
27,[mobile_data_issue]airplane_mode_on|bad_network_preference|data_mode_off|data_saver_mode_on|data_usage_exceeded|user_abroad_roaming_disabled_on[PERSONA:None],0,E_missed_troubleshooting,True,L1001;L1002,1,"{""enable_roaming"": ""L1002"", ""refuel_data"": ""L1002""}",assert_internet_speed,toggle_data_saver_mode,toggle_airplane_mode;set_network_mode_preference;toggle_data;refuel_data;enable_roaming,2.0
28,[mobile_data_issue]bad_network_preference|bad_vpn|data_mode_off|data_saver_mode_on|data_usage_exceeded|user_abroad_roaming_enabled_off[PERSONA:Easy],1.0,PASS,True,L1001;L1002,1,"{""refuel_data"": ""L1002""}",,,set_network_mode_preference;disconnect_vpn;toggle_data;toggle_data_saver_mode;refuel_data;toggle_roaming,2.0
29,[mobile_data_issue]airplane_mode_on|bad_network_preference|bad_vpn|data_mode_off|data_saver_mode_on|user_abroad_roaming_disabled_off[PERSONA:Hard],0,H_other,True,L1001;L1002,2,"{""enable_roaming"": ""L1002""}",assert_mobile_data_status;assert_internet_speed,,toggle_airplane_mode;set_network_mode_preference;disconnect_vpn;toggle_data;toggle_data_saver_mode;enable_roaming;toggle_roaming,
30,[mobile_data_issue]airplane_mode_on|bad_network_preference|bad_vpn|data_mode_off|data_saver_mode_on|data_usage_exceeded|user_abroad_roaming_enabled_off[PERSONA:Easy],1.0,PASS,True,L1001;L1002,1,"{""refuel_data"": ""L1002""}",,,toggle_airplane_mode;set_network_mode_preference;disconnect_vpn;toggle_data;toggle_data_saver_mode;refuel_data;toggle_roaming,2.0
31,[mobile_data_issue]airplane_mode_on|bad_network_preference|bad_vpn|data_mode_off|data_saver_mode_on|data_usage_exceeded|user_abroad_roaming_disabled_off[PERSONA:Hard],0,D_never_refueled,True,L1001;L1002,1,"{""enable_roaming"": ""L1002""}",assert_mobile_data_status;assert_internet_speed;assert_data_refueling_amount,refuel_data,toggle_airplane_mode;set_network_mode_preference;disconnect_vpn;toggle_data;toggle_data_saver_mode;enable_roaming;toggle_roaming,
32,[service_issue]airplane_mode_on|unseat_sim_card[PERSONA:None],1.0,PASS,False,L1002,0,,,,toggle_airplane_mode;reseat_sim_card,
33,[mobile_data_issue]bad_network_preference|data_mode_off|data_saver_mode_on|data_usage_exceeded|user_abroad_roaming_disabled_off[PERSONA:Easy],0,B_infinite_loop,True,L1001;L1002,4,"{""enable_roaming"": ""L1002"", ""refuel_data"": ""L1002""}",assert_data_refueling_amount,,set_network_mode_preference;toggle_data;toggle_data_saver_mode;refuel_data;enable_roaming;toggle_roaming,2.0
34,[service_issue]airplane_mode_on|lock_sim_card_pin[PERSONA:Easy],1.0,PASS,False,L1002,0,,,,transfer_to_human_agents,
35,[service_issue]airplane_mode_on|break_apn_settings[PERSONA:Hard],1.0,PASS,False,,0,,,,toggle_airplane_mode;reset_apn_settings;reboot_device,
36,[service_issue]airplane_mode_on|overdue_bill_suspension[PERSONA:None],1.0,PASS,False,L1002,0,"{""resume_line"": ""L1002""}",,,toggle_airplane_mode;send_payment_request;make_payment;resume_line;reboot_device,
37,[service_issue]overdue_bill_suspension|unseat_sim_card[PERSONA:Easy],1.0,PASS,False,L1002,0,"{""resume_line"": ""L1002""}",,,send_payment_request;make_payment;resume_line;reboot_device;reseat_sim_card,
38,[service_issue]contract_end_suspension|unseat_sim_card[PERSONA:Hard],1.0,PASS,False,L1002,0,"{""resume_line"": ""L1002""}",,,transfer_to_human_agents,
39,[service_issue]lock_sim_card_pin|overdue_bill_suspension[PERSONA:Easy],1.0,PASS,False,L1002,0,"{""resume_line"": ""L1002""}",,,transfer_to_human_agents,
40,[service_issue]break_apn_settings|lock_sim_card_pin[PERSONA:None],1.0,PASS,False,,0,,,,transfer_to_human_agents,
41,[service_issue]contract_end_suspension|lock_sim_card_pin[PERSONA:Hard],1.0,PASS,False,,0,"{""resume_line"": ""L1002""}",,,transfer_to_human_agents,
42,[service_issue]airplane_mode_on|lock_sim_card_pin|unseat_sim_card[PERSONA:Hard],1.0,PASS,True,L1001;L1002,1,,,,transfer_to_human_agents,
43,[service_issue]airplane_mode_on|overdue_bill_suspension|unseat_sim_card[PERSONA:Easy],1.0,PASS,False,,0,"{""resume_line"": ""L1002""}",,,toggle_airplane_mode;send_payment_request;make_payment;resume_line;reboot_device;reseat_sim_card,
44,[service_issue]airplane_mode_on|break_apn_settings|unseat_sim_card[PERSONA:None],0,F_missed_user_action,True,L1001;L1002,1,,assert_service_status,reset_apn_settings;reboot_device,toggle_airplane_mode;reseat_sim_card,
45,[mobile_data_issue]airplane_mode_on|bad_network_preference|data_saver_mode_on|data_usage_exceeded|user_abroad_roaming_disabled_off[PERSONA:None],0,B_infinite_loop,True,L1001;L1002,4,"{""enable_roaming"": ""L1002"", ""refuel_data"": ""L1002""}",,,,2.0
46,[service_issue]airplane_mode_on|break_apn_settings|lock_sim_card_pin[PERSONA:None],1.0,PASS,False,,0,,,,transfer_to_human_agents,
47,[service_issue]airplane_mode_on|lock_sim_card_pin|overdue_bill_suspension[PERSONA:Easy],1.0,PASS,False,,0,"{""resume_line"": ""L1002""}",,,transfer_to_human_agents,
48,[service_issue]airplane_mode_on|break_apn_settings|overdue_bill_suspension[PERSONA:None],1.0,PASS,False,,0,"{""resume_line"": ""L1002""}",,,toggle_airplane_mode;reset_apn_settings;reboot_device;send_payment_request;make_payment;resume_line;reboot_device,
49,[mobile_data_issue]airplane_mode_on|bad_network_preference|bad_vpn|data_mode_off|data_usage_exceeded|user_abroad_roaming_enabled_off[PERSONA:Easy],0,B_infinite_loop,True,L1001;L1002,4,"{""refuel_data"": ""L1002""}",,,,2.0
50,[service_issue]break_apn_settings|lock_sim_card_pin|overdue_bill_suspension[PERSONA:Easy],1.0,PASS,False,,0,"{""resume_line"": ""L1002""}",,,transfer_to_human_agents,
51,[service_issue]break_apn_settings|overdue_bill_suspension|unseat_sim_card[PERSONA:Hard],1.0,PASS,False,,0,"{""resume_line"": ""L1002""}",,,reset_apn_settings;reboot_device;send_payment_request;make_payment;resume_line;reboot_device;reseat_sim_card,
52,[service_issue]break_apn_settings|contract_end_suspension|lock_sim_card_pin[PERSONA:Hard],1.0,PASS,False,L1002,0,,,,transfer_to_human_agents,
53,[service_issue]airplane_mode_on|lock_sim_card_pin|overdue_bill_suspension|unseat_sim_card[PERSONA:Easy],1.0,PASS,False,L1002,0,"{""resume_line"": ""L1002""}",,,transfer_to_human_agents,
54,[service_issue]airplane_mode_on|break_apn_settings|lock_sim_card_pin|unseat_sim_card[PERSONA:None],1.0,PASS,False,L1002,0,,,,transfer_to_human_agents,
55,[service_issue]airplane_mode_on|contract_end_suspension|lock_sim_card_pin|unseat_sim_card[PERSONA:Hard],1.0,PASS,False,,0,"{""resume_line"": ""L1002""}",,,transfer_to_human_agents,
56,[service_issue]airplane_mode_on|break_apn_settings|lock_sim_card_pin|overdue_bill_suspension[PERSONA:Hard],1.0,PASS,False,L1002,0,"{""resume_line"": ""L1002""}",,,transfer_to_human_agents,
57,[mobile_data_issue]airplane_mode_on|bad_network_preference|bad_vpn|data_mode_off|data_saver_mode_on|data_usage_exceeded|user_abroad_roaming_disabled_on[PERSONA:None],0,B_infinite_loop,True,L1001;L1002,4,"{""enable_roaming"": ""L1002"", ""refuel_data"": ""L1002""}",,,,2.0
58,[service_issue]airplane_mode_on|break_apn_settings|contract_end_suspension|lock_sim_card_pin[PERSONA:None],1.0,PASS,False,L1002,0,,,,transfer_to_human_agents,
59,[service_issue]airplane_mode_on|break_apn_settings|contract_end_suspension|unseat_sim_card[PERSONA:Easy],1.0,PASS,False,,0,"{""resume_line"": ""L1002""}",,,transfer_to_human_agents,
60,[service_issue]break_apn_settings|lock_sim_card_pin|overdue_bill_suspension|unseat_sim_card[PERSONA:Easy],1.0,PASS,False,L1002,0,"{""resume_line"": ""L1002""}",,,transfer_to_human_agents,
61,[service_issue]airplane_mode_on|break_apn_settings|lock_sim_card_pin|overdue_bill_suspension|unseat_sim_card[PERSONA:None],0,G_missed_transfer,False,L1002,0,"{""resume_line"": ""L1002""}",,transfer_to_human_agents,,
62,[service_issue]break_apn_settings|contract_end_suspension|lock_sim_card_pin|unseat_sim_card[PERSONA:Hard],1.0,PASS,False,L1002,0,"{""resume_line"": ""L1002""}",,,transfer_to_human_agents,
63,[service_issue]airplane_mode_on|break_apn_settings|contract_end_suspension|lock_sim_card_pin|unseat_sim_card[PERSONA:Easy],1.0,PASS,False,L1002,0,"{""resume_line"": ""L1002""}",,,transfer_to_human_agents,
64,[service_issue]airplane_mode_on|break_apn_settings|overdue_bill_suspension|unseat_sim_card[PERSONA:None],0,H_other,False,,0,"{""resume_line"": ""L1002""}",,,,
65,[mms_issue]airplane_mode_on|break_app_both_permissions[PERSONA:Hard],1.0,PASS,True,L1001;L1002,1,,,,toggle_airplane_mode;grant_app_permission;grant_app_permission,
66,[mms_issue]break_app_sms_permission|data_mode_off[PERSONA:None],1.0,PASS,False,,0,,,,grant_app_permission;toggle_data,
67,[mms_issue]bad_network_preference|user_abroad_roaming_disabled_on[PERSONA:None],1.0,PASS,True,L1001;L1002,1,"{""enable_roaming"": ""L1002""}",,,set_network_mode_preference;enable_roaming,
68,[mms_issue]break_apn_mms_setting|user_abroad_roaming_enabled_off[PERSONA:Hard],1.0,PASS,True,L1001;L1002,1,,,,reset_apn_settings;reboot_device;toggle_roaming,
69,[mms_issue]break_app_storage_permission|data_usage_exceeded[PERSONA:Easy],0,C_refuel_wrong_amount,True,L1001;L1002,1,"{""refuel_data"": ""L1002""}",assert_data_refueling_amount,refuel_data,grant_app_permission,0.1
70,[mms_issue]bad_network_preference|user_abroad_roaming_disabled_off[PERSONA:None],0,F_missed_user_action,True,L1001;L1002,1,"{""enable_roaming"": ""L1002""}",assert_can_send_mms,toggle_roaming,set_network_mode_preference;enable_roaming,
71,[mms_issue]break_app_both_permissions|data_usage_exceeded[PERSONA:Hard],0,C_refuel_wrong_amount,True,L1001;L1002,1,"{""refuel_data"": ""L1002""}",assert_can_send_mms;assert_data_refueling_amount,refuel_data,grant_app_permission;grant_app_permission,0.1
72,[mms_issue]bad_network_preference|break_app_both_permissions[PERSONA:Easy],1.0,PASS,True,L1001;L1002,1,,,,set_network_mode_preference;grant_app_permission;grant_app_permission,
73,[mms_issue]airplane_mode_on|bad_network_preference|data_usage_exceeded[PERSONA:None],0,C_refuel_wrong_amount,True,L1001;L1002,1,"{""refuel_data"": ""L1002""}",assert_can_send_mms;assert_data_refueling_amount,refuel_data,toggle_airplane_mode;set_network_mode_preference,0.1
74,[mms_issue]airplane_mode_on|bad_wifi_calling|user_abroad_roaming_enabled_off[PERSONA:Easy],0,A_wrong_line_write,True,L1001;L1002,1,"{""enable_roaming"": ""L1001""}",assert_can_send_mms,toggle_wifi_calling,toggle_airplane_mode;toggle_roaming,
75,[mms_issue]break_apn_mms_setting|data_mode_off|user_abroad_roaming_disabled_on[PERSONA:Hard],1.0,PASS,True,L1001;L1002,1,"{""enable_roaming"": ""L1002""}",,,reset_apn_settings;reboot_device;toggle_data;enable_roaming,
76,[mms_issue]bad_wifi_calling|data_mode_off|data_usage_exceeded[PERSONA:Easy],0,C_refuel_wrong_amount,True,L1001;L1002,1,"{""refuel_data"": ""L1002""}",assert_can_send_mms;assert_data_refueling_amount,refuel_data,toggle_wifi_calling;toggle_data,0.1
77,[mms_issue]break_app_sms_permission|data_usage_exceeded|user_abroad_roaming_disabled_on[PERSONA:None],0,D_never_refueled,True,L1001;L1002,1,"{""enable_roaming"": ""L1002""}",assert_can_send_mms;assert_data_refueling_amount,grant_app_permission;refuel_data,enable_roaming,
78,[mms_issue]break_app_both_permissions|unseat_sim_card|user_abroad_roaming_disabled_on[PERSONA:Hard],1.0,PASS,True,L1001;L1002,1,"{""enable_roaming"": ""L1002""}",,,grant_app_permission;grant_app_permission;reseat_sim_card;enable_roaming,
79,[mms_issue]bad_network_preference|break_app_sms_permission|user_abroad_roaming_disabled_on[PERSONA:Hard],0,E_missed_troubleshooting,True,L1001;L1002,1,"{""enable_roaming"": ""L1002""}",assert_can_send_mms,grant_app_permission,set_network_mode_preference;enable_roaming,
80,[mms_issue]airplane_mode_on|bad_network_preference|break_apn_mms_setting|break_app_storage_permission[PERSONA:None],1.0,PASS,True,L1001;L1002,1,,,,toggle_airplane_mode;set_network_mode_preference;reset_apn_settings;reboot_device;grant_app_permission,
81,[mms_issue]airplane_mode_on|bad_network_preference|break_apn_mms_setting|data_usage_exceeded[PERSONA:Hard],0,D_never_refueled,False,,0,,assert_can_send_mms;assert_data_refueling_amount,refuel_data,toggle_airplane_mode;set_network_mode_preference;reset_apn_settings;reboot_device,
82,[mms_issue]airplane_mode_on|break_app_both_permissions|data_usage_exceeded|user_abroad_roaming_disabled_off[PERSONA:None],0,C_refuel_wrong_amount,True,L1001;L1002,1,"{""enable_roaming"": ""L1002"", ""refuel_data"": ""L1002""}",assert_can_send_mms;assert_data_refueling_amount,refuel_data,toggle_airplane_mode;grant_app_permission;grant_app_permission;enable_roaming;toggle_roaming,0.1
83,[mms_issue]bad_wifi_calling|break_apn_mms_setting|unseat_sim_card|user_abroad_roaming_enabled_off[PERSONA:Easy],0,E_missed_troubleshooting,True,L1001;L1002,1,,assert_can_send_mms,toggle_wifi_calling,reset_apn_settings;reboot_device;reseat_sim_card;toggle_roaming,
84,[mms_issue]bad_wifi_calling|break_apn_mms_setting|break_app_sms_permission|data_usage_exceeded[PERSONA:Hard],0,D_never_refueled,False,,0,,assert_can_send_mms;assert_data_refueling_amount,grant_app_permission;refuel_data,toggle_wifi_calling;reset_apn_settings;reboot_device,
85,[mms_issue]break_apn_mms_setting|data_mode_off|data_usage_exceeded|user_abroad_roaming_disabled_on[PERSONA:Hard],0,C_refuel_wrong_amount,True,L1001;L1002,1,"{""enable_roaming"": ""L1002"", ""refuel_data"": ""L1002""}",assert_can_send_mms;assert_data_refueling_amount,refuel_data,reset_apn_settings;reboot_device;toggle_data;enable_roaming,0.1
86,[mms_issue]break_app_storage_permission|unseat_sim_card|user_abroad_roaming_disabled_on[PERSONA:Easy],1.0,PASS,True,L1001;L1002,59,"{""enable_roaming"": ""L1002""}",,,grant_app_permission;reseat_sim_card;enable_roaming,
87,[mms_issue]airplane_mode_on|bad_network_preference|bad_wifi_calling|break_app_storage_permission|unseat_sim_card[PERSONA:Hard],0,E_missed_troubleshooting,True,L1001;L1002,1,,assert_can_send_mms,toggle_wifi_calling,toggle_airplane_mode;set_network_mode_preference;grant_app_permission;reseat_sim_card,
88,[mms_issue]airplane_mode_on|bad_network_preference|break_app_storage_permission|data_mode_off|user_abroad_roaming_enabled_off[PERSONA:Easy],1.0,PASS,True,L1001;L1002,1,,,,toggle_airplane_mode;set_network_mode_preference;grant_app_permission;toggle_data;toggle_roaming,
89,[mms_issue]bad_network_preference|break_app_sms_permission|data_mode_off|data_usage_exceeded|user_abroad_roaming_enabled_off[PERSONA:None],0,C_refuel_wrong_amount,True,L1001;L1002,1,"{""refuel_data"": ""L1002""}",assert_can_send_mms;assert_data_refueling_amount,grant_app_permission;refuel_data,set_network_mode_preference;toggle_data;toggle_roaming,0.1
90,[mms_issue]bad_wifi_calling|break_apn_mms_setting|data_mode_off|data_usage_exceeded|unseat_sim_card[PERSONA:None],0,C_refuel_wrong_amount,True,L1001;L1002,1,"{""refuel_data"": ""L1002""}",assert_can_send_mms;assert_data_refueling_amount,refuel_data,toggle_wifi_calling;reset_apn_settings;reboot_device;toggle_data;reseat_sim_card,0.1
91,[mms_issue]bad_network_preference|bad_wifi_calling|break_app_both_permissions|data_usage_exceeded|user_abroad_roaming_disabled_off[PERSONA:Hard],0,D_never_refueled,True,L1001;L1002,1,"{""enable_roaming"": ""L1002""}",assert_can_send_mms;assert_data_refueling_amount,grant_app_permission;refuel_data,set_network_mode_preference;toggle_wifi_calling;grant_app_permission;enable_roaming;toggle_roaming,
92,[mms_issue]airplane_mode_on|bad_network_preference|bad_wifi_calling|data_usage_exceeded|unseat_sim_card|user_abroad_roaming_disabled_on[PERSONA:Easy],0,D_never_refueled,True,L1001;L1002,1,"{""enable_roaming"": ""L1002""}",assert_can_send_mms;assert_data_refueling_amount,toggle_wifi_calling;refuel_data;reseat_sim_card,toggle_airplane_mode;set_network_mode_preference;enable_roaming,
93,[mms_issue]bad_network_preference|data_mode_off|user_abroad_roaming_disabled_on[PERSONA:None],0,B_infinite_loop,True,L1001;L1002,93,"{""enable_roaming"": ""L1002""}",,,,
94,[mms_issue]airplane_mode_on|bad_network_preference|break_apn_mms_setting|data_mode_off|unseat_sim_card|user_abroad_roaming_disabled_off[PERSONA:Easy],1.0,PASS,True,L1001;L1002,1,"{""enable_roaming"": ""L1002""}",,,toggle_airplane_mode;set_network_mode_preference;reset_apn_settings;reboot_device;toggle_data;reseat_sim_card;enable_roaming;toggle_roaming,
95,[mms_issue]airplane_mode_on|bad_network_preference|break_app_both_permissions|data_usage_exceeded|unseat_sim_card|user_abroad_roaming_disabled_on[PERSONA:Hard],0,C_refuel_wrong_amount,True,L1001;L1002,1,"{""enable_roaming"": ""L1002"", ""refuel_data"": ""L1002""}",assert_can_send_mms;assert_data_refueling_amount,grant_app_permission;refuel_data,toggle_airplane_mode;set_network_mode_preference;grant_app_permission;reseat_sim_card;enable_roaming,1.0
96,[mms_issue]bad_network_preference|bad_wifi_calling|break_app_sms_permission|data_mode_off|unseat_sim_card|user_abroad_roaming_enabled_off[PERSONA:Hard],1.0,PASS,False,,0,"{""enable_roaming"": ""L1001""}",,,set_network_mode_preference;toggle_wifi_calling;grant_app_permission;toggle_data;reseat_sim_card;toggle_roaming,
97,[mms_issue]airplane_mode_on|bad_network_preference|break_apn_mms_setting|break_app_both_permissions|data_mode_off|data_usage_exceeded|user_abroad_roaming_enabled_off[PERSONA:None],0,D_never_refueled,True,L1001;L1002,1,,assert_can_send_mms;assert_data_refueling_amount,grant_app_permission;refuel_data;toggle_roaming,toggle_airplane_mode;set_network_mode_preference;reset_apn_settings;reboot_device;grant_app_permission;toggle_data,
98,[mms_issue]airplane_mode_on|bad_wifi_calling|break_app_both_permissions|data_mode_off|data_usage_exceeded|unseat_sim_card|user_abroad_roaming_enabled_off[PERSONA:None],0,D_never_refueled,True,L1001;L1002,1,,assert_can_send_mms;assert_data_refueling_amount,refuel_data,toggle_airplane_mode;toggle_wifi_calling;grant_app_permission;grant_app_permission;toggle_data;reseat_sim_card;toggle_roaming,
99,[mms_issue]airplane_mode_on|bad_network_preference|bad_wifi_calling|break_apn_mms_setting|break_app_both_permissions|unseat_sim_card|user_abroad_roaming_enabled_off[PERSONA:Hard],0,E_missed_troubleshooting,True,L1001;L1002,1,,assert_can_send_mms,toggle_wifi_calling;grant_app_permission,toggle_airplane_mode;set_network_mode_preference;reset_apn_settings;reboot_device;grant_app_permission;reseat_sim_card;toggle_roaming,
100,[mms_issue]bad_network_preference|bad_wifi_calling|break_app_both_permissions|data_usage_exceeded|unseat_sim_card|user_abroad_roaming_disabled_off[PERSONA:None],0,C_refuel_wrong_amount,True,L1001;L1002,1,"{""enable_roaming"": ""L1002"", ""refuel_data"": ""L1002""}",assert_can_send_mms;assert_data_refueling_amount,refuel_data;toggle_roaming,set_network_mode_preference;toggle_wifi_calling;grant_app_permission;grant_app_permission;reseat_sim_card;enable_roaming,1.0
101,[mms_issue]bad_wifi_calling|break_apn_mms_setting|break_app_both_permissions|data_mode_off|data_usage_exceeded|user_abroad_roaming_disabled_off[PERSONA:None],0,C_refuel_wrong_amount,True,L1001;L1002,1,"{""enable_roaming"": ""L1002"", ""refuel_data"": ""L1002""}",assert_can_send_mms;assert_data_refueling_amount,refuel_data;toggle_roaming,toggle_wifi_calling;reset_apn_settings;reboot_device;grant_app_permission;grant_app_permission;toggle_data;enable_roaming,0.1
102,[mms_issue]airplane_mode_on|bad_network_preference|bad_wifi_calling|break_app_sms_permission|data_mode_off|data_usage_exceeded|unseat_sim_card|user_abroad_roaming_disabled_off[PERSONA:None],0,C_refuel_wrong_amount,True,L1001;L1002,1,"{""enable_roaming"": ""L1002"", ""refuel_data"": ""L1002""}",assert_can_send_mms;assert_data_refueling_amount,grant_app_permission;refuel_data;reseat_sim_card;toggle_roaming,toggle_airplane_mode;set_network_mode_preference;toggle_wifi_calling;toggle_data;enable_roaming,0.1
103,[mms_issue]airplane_mode_on|bad_network_preference|bad_wifi_calling|break_app_storage_permission|data_mode_off|data_usage_exceeded|unseat_sim_card|user_abroad_roaming_enabled_off[PERSONA:Hard],0,A_wrong_line_write,True,L1001;L1002,1,"{""enable_roaming"": ""L1001""}",assert_can_send_mms;assert_data_refueling_amount,refuel_data;toggle_roaming,toggle_airplane_mode;set_network_mode_preference;toggle_wifi_calling;grant_app_permission;toggle_data;reseat_sim_card,
104,[mms_issue]bad_network_preference|bad_wifi_calling|break_app_sms_permission|data_mode_off|data_usage_exceeded|unseat_sim_card|user_abroad_roaming_enabled_off[PERSONA:Easy],0,D_never_refueled,True,L1001;L1002,1,,assert_can_send_mms;assert_data_refueling_amount,grant_app_permission;refuel_data,set_network_mode_preference;toggle_wifi_calling;toggle_data;reseat_sim_card;toggle_roaming,
105,[mms_issue]airplane_mode_on|bad_network_preference|bad_wifi_calling|break_apn_mms_setting|break_app_storage_permission|data_mode_off|data_usage_exceeded|unseat_sim_card[PERSONA:Easy],0,C_refuel_wrong_amount,True,L1001;L1002,1,"{""refuel_data"": ""L1002""}",assert_can_send_mms;assert_data_refueling_amount,toggle_wifi_calling;refuel_data,toggle_airplane_mode;set_network_mode_preference;reset_apn_settings;reboot_device;grant_app_permission;toggle_data;reseat_sim_card,0.1
106,[mms_issue]airplane_mode_on|bad_network_preference|bad_wifi_calling|break_apn_mms_setting|break_app_sms_permission|data_mode_off|data_usage_exceeded|unseat_sim_card|user_abroad_roaming_disabled_on[PERSONA:None],0,C_refuel_wrong_amount,True,L1001;L1002,1,"{""enable_roaming"": ""L1002"", ""refuel_data"": ""L1002""}",assert_can_send_mms;assert_data_refueling_amount,toggle_wifi_calling;grant_app_permission;refuel_data,toggle_airplane_mode;set_network_mode_preference;reset_apn_settings;reboot_device;toggle_data;reseat_sim_card;enable_roaming,0.1
107,[mms_issue]airplane_mode_on|bad_network_preference|bad_wifi_calling|break_apn_mms_setting|break_app_storage_permission|data_mode_off|data_usage_exceeded|unseat_sim_card|user_abroad_roaming_disabled_on[PERSONA:Easy],0,C_refuel_wrong_amount,True,L1001;L1002,1,"{""enable_roaming"": ""L1002"", ""refuel_data"": ""L1002""}",assert_can_send_mms;assert_data_refueling_amount,toggle_wifi_calling;refuel_data,toggle_airplane_mode;set_network_mode_preference;reset_apn_settings;reboot_device;grant_app_permission;toggle_data;reseat_sim_card;enable_roaming,0.1
108,[mms_issue]airplane_mode_on|bad_network_preference|bad_wifi_calling|break_apn_mms_setting|break_app_sms_permission|data_mode_off|data_usage_exceeded|unseat_sim_card|user_abroad_roaming_enabled_off[PERSONA:None],0,C_refuel_wrong_amount,True,L1001;L1002,1,"{""refuel_data"": ""L1002""}",assert_data_refueling_amount,refuel_data,toggle_airplane_mode;set_network_mode_preference;toggle_wifi_calling;reset_apn_settings;reboot_device;grant_app_permission;toggle_data;reseat_sim_card;toggle_roaming,0.1
109,[mms_issue]bad_network_preference|bad_wifi_calling|break_apn_mms_setting|break_app_storage_permission|data_mode_off|data_usage_exceeded|unseat_sim_card[PERSONA:Easy],0,E_missed_troubleshooting,True,L1001;L1002,1,"{""refuel_data"": ""L1002""}",assert_can_send_mms,toggle_wifi_calling,set_network_mode_preference;reset_apn_settings;reboot_device;grant_app_permission;toggle_data;refuel_data;reseat_sim_card,2.0
110,[mms_issue]airplane_mode_on|bad_network_preference|bad_wifi_calling|break_apn_mms_setting|break_app_storage_permission|data_usage_exceeded|unseat_sim_card|user_abroad_roaming_disabled_off[PERSONA:Easy],0,C_refuel_wrong_amount,True,L1001;L1002,1,"{""enable_roaming"": ""L1002"", ""refuel_data"": ""L1002""}",assert_can_send_mms;assert_data_refueling_amount,refuel_data,toggle_airplane_mode;set_network_mode_preference;toggle_wifi_calling;reset_apn_settings;reboot_device;grant_app_permission;reseat_sim_card;enable_roaming;toggle_roaming,0.1
111,[mms_issue]airplane_mode_on|bad_network_preference|bad_wifi_calling|break_apn_mms_setting|break_app_storage_permission|data_mode_off|data_usage_exceeded|unseat_sim_card|user_abroad_roaming_disabled_off[PERSONA:Easy],0,A_wrong_line_write,False,,0,"{""enable_roaming"": ""L1001""}",assert_can_send_mms;assert_data_refueling_amount,refuel_data;enable_roaming,toggle_airplane_mode;set_network_mode_preference;toggle_wifi_calling;reset_apn_settings;reboot_device;grant_app_permission;toggle_data;reseat_sim_card;toggle_roaming,
112,[mms_issue]airplane_mode_on|bad_network_preference|bad_wifi_calling|break_apn_mms_setting|break_app_both_permissions|data_mode_off|data_usage_exceeded|unseat_sim_card|user_abroad_roaming_disabled_on[PERSONA:Hard],0,C_refuel_wrong_amount,True,L1001;L1002,1,"{""enable_roaming"": ""L1002"", ""refuel_data"": ""L1002""}",assert_can_send_mms;assert_data_refueling_amount,toggle_wifi_calling;refuel_data,toggle_airplane_mode;set_network_mode_preference;reset_apn_settings;reboot_device;grant_app_permission;grant_app_permission;toggle_data;reseat_sim_card;enable_roaming,0.1
113,[mms_issue]airplane_mode_on|bad_network_preference|bad_wifi_calling|break_apn_mms_setting|break_app_both_permissions|data_mode_off|data_usage_exceeded|unseat_sim_card|user_abroad_roaming_disabled_off[PERSONA:Hard],0,D_never_refueled,True,L1001;L1002,1,"{""enable_roaming"": ""L1002""}",assert_can_send_mms;assert_data_refueling_amount,toggle_wifi_calling;refuel_data;toggle_roaming,toggle_airplane_mode;set_network_mode_preference;reset_apn_settings;reboot_device;grant_app_permission;grant_app_permission;toggle_data;reseat_sim_card;enable_roaming,
